-- insert.sql
-- Author: Yana Popova

-- DO NOT use these SQL commands:
-- CREATE SCHEMA 
-- USE 

INSERT INTO COACH 
VALUES 
	('12345612', 'Elvis', 'Presley', '1935-01-08', '+441234512345', 30000, 'Male'),
	('12345334', 'Freddie', 'Mercury', '1946-09-05', '+441234567444', 29000, 'Male'),
	('12343578', 'Adele', 'Adkins', '1988-05-05', '+441234565555', 25000, 'Female'),
 	('12276678', 'Sam', 'Smith', '1992-05-19', '+441234567890', 24000, 'Male');
 
INSERT INTO CONTENDER 
VALUES
	('12345','The Star', 'individual', '12345612'),
	('12346','Incredible', 'individual', '12345612'),
	('12347','The Mystery', 'individual', '12345334'),
	('12348','6th Harmony', 'group', '12343578'),
	('12349','The Leader', 'individual', '12343578');
 
INSERT INTO PARTICIPANT 
VALUES
	('12345679', 'Tom', 'Oliver', '1995-05-20', '+441259567890', 500, 'Male', '12345'),
	('12343456', 'Jake', 'Smith', '1991-04-21', '+441259537890', 550, 'Male', '12346'),
	('12348888', 'John', 'Turner', '1992-02-24', '+441259567866', 600, 'Male', '12347'),
 	('12340000', 'Curtis', 'Ramsay', '1989-05-18', '+441259347890', 700, 'Male', '12348'),
 	('12349999', 'Donald', 'Timberland', '1987-01-17', '+441219567890', 650, 'Male', '12348'),
 	('12347777', 'Emilia', 'Marshall', '1993-12-15', '+441255567890', 550, 'Female', '12348'),
 	('12346666', 'Helen', 'Johnson', '1987-11-18', '+441234267890', 600, 'Female', '12348'),
 	('12345555', 'Rita', 'Williams', '1988-08-26', '+442555567890', 650, 'Female', '12348'),
 	('12344444', 'Jane', 'Garcia', '1990-07-29', '+441259777890', 750, 'Female', '12348'),
 	('12343333', 'Karen', 'Brown', '1991-06-21', '+441298867890', 600, 'Female', '12349');
 
INSERT INTO TVSHOW VALUES
	('000001', '2017-03-04', '20:00:00', '22:00:00', '154 W 57th St (Seventh Ave), New York, NY'),
	('000002', '2017-03-05', '21:00:00', '22:00:00', '881 7th Ave (at W 57th St), New York, NY'),
  	('000003', '2017-03-11', '20:00:00', '22:00:00', '154 W 57th St (Seventh Ave), New York, NY'),
  	('000004', '2017-03-12', '12:00:00', '14:00:00', '881 7th Ave (at W 57th St), New York, NY'),
  	('000005', '2017-03-18', '13:00:00', '15:00:00', '154 W 57th St (Seventh Ave), New York, NY'),
  	('000006', '2017-03-19', '20:00:00', '22:00:00', '881 7th Ave (at W 57th St), New York, NY'),
  	('000007', '2017-03-25', '19:00:00', '21:00:00', '154 W 57th St (Seventh Ave), New York, NY'),
  	('000008', '2017-03-26', '14:00:00', '16:00:00', '881 7th Ave (at W 57th St), New York, NY'),
  	('000009', '2017-04-01', '15:00:00', '17:00:00', '154 W 57th St (Seventh Ave), New York, NY'),
  	('000010', '2017-04-02', '16:00:00', '18:00:00', '154 W 57th St (Seventh Ave), New York, NY'),
  	('000011', '2017-04-08', '20:00:00', '22:00:00', '881 7th Ave (at W 57th St), New York, NY'),
  	('000012', '2017-04-09', '21:00:00', '23:00:00', '154 W 57th St (Seventh Ave), New York, NY'),
  	('000013', '2017-04-15', '20:00:00', '22:00:00', '881 7th Ave (at W 57th St), New York, NY'),
  	('000014', '2017-04-16', '19:00:00', '21:00:00', '154 W 57th St (Seventh Ave), New York, NY'),
  	('000015', '2017-04-22', '20:30:00', '22:30:00', '881 7th Ave (at W 57th St), New York, NY'),
  	('000016', '2017-04-23', '21:30:00', '22:30:00', '154 W 57th St (Seventh Ave), New York, NY'),
  	('000017', '2017-04-29', '18:00:00', '20:00:00', '154 W 57th St (Seventh Ave), New York, NY'),
  	('000018', '2017-04-30', '19:00:00', '21:00:00', '881 7th Ave (at W 57th St), New York, NY');
  
INSERT INTO COACHINSHOW 
VALUES
 	('12345612', '000001'),
 	('12343578', '000001'),
 	('12345334', '000002'),
 	('12345612', '000002'),
 	('12343578', '000003'),
 	('12276678', '000003'),
 	('12343578', '000004'),
 	('12345612', '000004'),
 	('12276678', '000005'),
 	('12343578', '000005'),
 	('12345334', '000006'),
 	('12276678', '000006'),
 	('12343578', '000007'),
 	('12276678', '000007'),
 	('12345334', '000008'),
 	('12345612', '000008'),
 	('12343578', '000009'),
 	('12345612', '000009'),
 	('12345334', '000010'),
 	('12276678', '000010'),
 	('12343578', '000011'),
 	('12276678', '000011'),
 	('12345612', '000012'),
 	('12276678', '000012'),
 	('12343578', '000013'),
 	('12345334', '000013'),
	('12345334', '000014'),
	('12276678', '000014'),
	('12343578', '000015'),
	('12345612', '000015'),
 	('12276678', '000016'),
 	('12345334', '000016'),
 	('12345612', '000017'),
 	('12343578', '000017'),
 	('12345334', '000018'),
 	('12345612', '000018');

INSERT INTO CONTENDERINSHOW 
VALUES
 	('12345', '000001'),
 	('12347', '000001'),
 	('12348', '000001'),
 	('12346', '000002'),
 	('12349', '000002'),
 	('12345', '000002'),
 	('12347', '000003'),
 	('12349', '000003'),
 	('12345', '000003'),
 	('12346', '000004'),
 	('12348', '000004'),
 	('12345', '000004'),
	('12345', '000005'),
 	('12347', '000005'),
 	('12346', '000005'),
 	('12349', '000006'),
 	('12345', '000006'),
 	('12347', '000006'),
 	('12348', '000007'),
 	('12345', '000007'),
 	('12347', '000007'),
 	('12349', '000008'),
 	('12346', '000008'),
 	('12348', '000008'),
 	('12349', '000009'),
 	('12348', '000009'),
 	('12347', '000009'),
 	('12345', '000010'),
 	('12348', '000010'),
 	('12346', '000010'),
 	('12349', '000011'),
 	('12347', '000011'),
 	('12346', '000011'),
 	('12345', '000012'),
 	('12346', '000012'),
 	('12347', '000012'),
 	('12349', '000013'),
 	('12347', '000013'),
	('12345', '000013'),
 	('12348', '000014'),
 	('12349', '000014'),
 	('12345', '000014'),
 	('12349', '000015'),
 	('12346', '000015'),
	('12347', '000015'),
 	('12349', '000016'),
 	('12348', '000016'),
 	('12347', '000016'),
 	('12348', '000017'),
 	('12345', '000017'),
 	('12346', '000017'),
 	('12347', '000018'),
 	('12345', '000018'),
 	('12349', '000018'); 
